{
  "val_rmse": 14.94897747039795,
  "test_rmse": 15.436098098754883,
  "test_nasa_score": 603.4313354492188,
  "test_late_predictions": 56
}