{
  "val_rmse": 16.06543731689453,
  "test_rmse": 15.799606323242188,
  "test_nasa_score": 470.69696044921875,
  "test_late_predictions": 51
}